TotalSales,Growth,Volatility,AvgOrder
164186.7,5.026158064477164,2579.99480907113,3420.55625
104618.40299999999,19.775731012860707,1821.6215390281989,2179.5500625
26705.41,3.871902367365388,330.4883427284576,556.3627083333333
200028.785,4.843922957171692,3848.2236478754908,4167.266354166667
113813.19870000001,2.6177216092193,2220.4050797251753,2474.1999717391304
